{"step":177,"epoch":0,"learning_rate":0.005,"train_loss":3.654296875,"grad_norm":0.18041393160820007,"_wandb":{"runtime":54},"_runtime":54.480590875,"epoch_mean_loss":3.6120453742937855,"_timestamp":1.7332370938893442e+09,"_step":177}