{"_timestamp":1.7338296535872443e+09,"epoch_mean_loss":3.5002511160714285,"epoch":4,"_step":354,"train_loss":3.7578125,"grad_norm":0.26207059621810913,"_runtime":183.505053073,"step":350,"_wandb":{"runtime":183},"learning_rate":0.00010013848175771558}