{"epoch_mean_loss":3.599995586158192,"learning_rate":0.005,"train_loss":3.65234375,"_step":177,"_timestamp":1.7332351263926263e+09,"_runtime":65.90412961,"grad_norm":0.2008509784936905,"epoch":0,"_wandb":{"runtime":65},"step":177}