{"epoch":1,"grad_norm":16.364917755126953,"_runtime":13.381818936,"_step":71,"epoch_mean_loss":5.005580357142857,"step":70,"_wandb":{"runtime":13},"_timestamp":1.7416117876811335e+09,"learning_rate":0.01,"train_loss":6.41796875}