{"_runtime":2271.348644195,"train_loss":3.533203125,"_wandb":{"runtime":2271},"step":1355,"epoch":4,"grad_norm":0.13686972856521606,"learning_rate":0.00010000923921230973,"epoch_mean_loss":3.7131789091328415,"_timestamp":1.7362514375273833e+09,"_step":1359}