{"_runtime":9.188007441,"_step":5,"step":6,"train_loss":3.84765625,"grad_norm":0.06586422771215439,"learning_rate":0.0001107011070110701,"_timestamp":1.736246444026525e+09,"_wandb":{"runtime":10}}