{"epoch":0,"train_loss":3.431640625,"_step":35,"epoch_mean_loss":4.049246651785714,"step":35,"_timestamp":1.741611698938269e+09,"grad_norm":23.20098304748535,"_runtime":6.705702266,"_wandb":{"runtime":6},"learning_rate":0.005}