{"epoch_mean_loss":5.227232142857143,"_wandb":{"runtime":19},"step":70,"train_loss":4.82421875,"_timestamp":1.741613272634771e+09,"_step":71,"_runtime":19.379178023,"epoch":1,"grad_norm":60.730281829833984,"learning_rate":0.01}