{"_runtime":77.103826321,"_step":133,"step":134,"train_loss":3.828125,"grad_norm":0.0803777351975441,"_wandb":{"runtime":77},"learning_rate":0.0013814432989690724,"_timestamp":1.7366897223041444e+09}