{"_step":34,"step":35,"_wandb":{"runtime":38},"train_loss":4.0859375,"grad_norm":46.478965759277344,"learning_rate":0.005,"_timestamp":1.7416106117734756e+09,"_runtime":38.354523653}