{"grad_norm":0.06306520849466324,"learning_rate":9.225092250922509e-05,"_timestamp":1.7362462551841931e+09,"_wandb":{"runtime":8},"_runtime":8.141199345,"_step":4,"step":5,"train_loss":3.732421875}