{"grad_norm":0.07549989223480225,"step":124,"_wandb":{"runtime":128},"epoch":0,"_runtime":127.730503282,"_step":124,"learning_rate":0.008857142857142857,"epoch_mean_loss":3.6469029017857144,"_timestamp":1.7362457685232346e+09,"train_loss":3.740234375}