{"train_loss":7.7265625,"epoch":1,"_step":71,"epoch_mean_loss":5.330133928571429,"_timestamp":1.7416117446621475e+09,"learning_rate":0.01,"_runtime":12.30941059,"_wandb":{"runtime":12},"step":70,"grad_norm":16.234386444091797}