{"_runtime":6.587875976,"_wandb":{"runtime":6},"_step":34,"step":35,"train_loss":3.3984375,"grad_norm":16.733253479003906,"learning_rate":0.005,"_timestamp":1.7416114204214218e+09}