{"grad_norm":0.3951842784881592,"step":885,"epoch_mean_loss":3.626357256355932,"_runtime":261.608745479,"_wandb":{"runtime":261},"_timestamp":1.7332428392568884e+09,"learning_rate":0.00010002165850365801,"_step":889,"train_loss":3.984375,"epoch":4}