{"epoch_mean_loss":3.6836402529761907,"step":2063,"_runtime":2305.658531287,"epoch":11,"learning_rate":0.003953540861005661,"_wandb":{"runtime":2306},"grad_norm":0.4533444941043854,"train_loss":3.724609375,"_timestamp":1.7368577985957103e+09,"_step":2074}