{"_step":709,"_runtime":264.146923257,"train_loss":3.95703125,"grad_norm":0.16073404252529144,"_wandb":{"runtime":264},"step":705,"_timestamp":1.7331707740900867e+09,"epoch":4,"epoch_mean_loss":3.6176030585106385,"learning_rate":0.00010003413015142859}