{"_wandb":{"runtime":1755},"epoch_mean_loss":3.661772228422619,"grad_norm":0.18992269039154053,"epoch":9,"_step":3369,"learning_rate":0.00010000084519423746,"_timestamp":1.736775879113348e+09,"_runtime":1755.416457811,"train_loss":3.810546875,"step":3360}