{"step":141,"train_loss":3.224609375,"_wandb":{"runtime":55},"learning_rate":0.005,"epoch":0,"_step":141,"_timestamp":1.7331703676217856e+09,"_runtime":55.561364243,"grad_norm":0.11842597275972366,"epoch_mean_loss":3.616855053191489}