{"epoch_mean_loss":3.601424567443503,"_wandb":{"runtime":196},"step":708,"_runtime":196.250288663,"_timestamp":1.7331605185452795e+09,"epoch":0,"train_loss":2.287109375,"grad_norm":0.32009172439575195,"_step":708,"learning_rate":0.005}