{"_runtime":6.112598316,"_step":1,"step":2,"train_loss":3.470703125,"grad_norm":0.05537514016032219,"learning_rate":0.00014285714285714287,"_wandb":{"runtime":6},"_timestamp":1.7327295823911898e+09}