{"_runtime":2539.310469686,"_wandb":{"runtime":2539},"_timestamp":1.736692318441244e+09,"grad_norm":0.5997918248176575,"epoch":9,"train_loss":4.03125,"_step":4859,"epoch_mean_loss":3.7284592461340207,"step":4850,"learning_rate":0.00010000040565006855}