{"epoch_mean_loss":3.58825077570922,"_step":1419,"epoch":9,"step":1410,"_runtime":498.425661847,"learning_rate":0.00010000479951462616,"_timestamp":1.7327312345401757e+09,"grad_norm":0.21972320973873138,"train_loss":3.650390625,"_wandb":{"runtime":498}}